ER,Dec 31 2018,7AM-3PM,RN,2
ER,Dec 31 2018,7AM-3PM,NA,2
ER,Dec 31 2018,3PM-11PM,NA,1
ER,Dec 31 2018,3PM-11PM,PHLEB,1
ER,Dec 31 2018,3PM-11PM,XRAY,1
ER,Dec 31 2018,11PM-7AM,RN,2
ER,Dec 31 2018,11PM-7AM,LPN,2
ER,Dec 31 2018,11PM-7AM,SW,1
MORG,Dec 31 2018,11PM-7AM,RN,1
ER,Jan 01 2019,7AM-3PM,RN,4
ER,Jan 01 2019,7AM-3PM,LPN,3
ER,Jan 01 2019,7AM-3PM,NA,1
ER,Jan 01 2019,7AM-3PM,ULTRA,1
ER,Jan 01 2019,3PM-11PM,RN,2
ER,Jan 01 2019,3PM-11PM,NA,1
ER,Jan 01 2019,3PM-11PM,PHLEB,1
ER,Jan 01 2019,11PM-7AM,RN,2
ER,Jan 01 2019,11PM-7AM,LPN,2
ER,Jan 01 2019,11PM-7AM,NA,1
ER,Jan 01 2019,11PM-7AM,XRAY,1
MORG,Jan 01 2019,11PM-7AM,RN,1
ER,Jan 02 2019,7AM-3PM,RN,2
ER,Jan 02 2019,7AM-3PM,LPN,2
ER,Jan 02 2019,7AM-3PM,XRAY,1
ER,Jan 02 2019,3PM-11PM,RN,6
ER,Jan 02 2019,3PM-11PM,ULTRA,1
ER,Jan 02 2019,3PM-11PM,SW,1
ER,Jan 02 2019,11PM-7AM,RN,4
ER,Jan 02 2019,11PM-7AM,LPN,1
ER,Jan 02 2019,11PM-7AM,PHLEB,1
ER,Jan 02 2019,11PM-7AM,XRAY,1
ER,Jan 03 2019,7AM-3PM,RN,6
ER,Jan 03 2019,7AM-3PM,NA,1
ER,Jan 03 2019,3PM-11PM,RN,2
ER,Jan 03 2019,3PM-11PM,LPN,1
ER,Jan 03 2019,3PM-11PM,NA,2
ER,Jan 03 2019,3PM-11PM,SW,1
ER,Jan 03 2019,11PM-7AM,RN,4
ER,Jan 03 2019,11PM-7AM,LPN,1
ER,Jan 04 2019,7AM-3PM,LPN,2
ER,Jan 04 2019,7AM-3PM,NA,1
ER,Jan 04 2019,7AM-3PM,PHLEB,2
ER,Jan 04 2019,3PM-11PM,LPN,1
ER,Jan 04 2019,3PM-11PM,NA,1
ER,Jan 04 2019,3PM-11PM,PHLEB,1
ER,Jan 04 2019,11PM-7AM,LPN,3
ER,Jan 04 2019,11PM-7AM,NA,1
ER,Jan 04 2019,11PM-7AM,XRAY,1
ER,Jan 05 2019,7AM-3PM,RN,2
ER,Jan 05 2019,7AM-3PM,LPN,2
ER,Jan 05 2019,7AM-3PM,NA,1
ER,Jan 05 2019,7AM-3PM,XRAY,1
ER,Jan 05 2019,7AM-3PM,ULTRA,1
ER,Jan 05 2019,3PM-11PM,LPN,3
ER,Jan 05 2019,3PM-11PM,NA,1
ER,Jan 05 2019,11PM-7AM,RN,2
ER,Jan 05 2019,11PM-7AM,LPN,1
ER,Jan 05 2019,11PM-7AM,PHLEB,1
ER,Jan 06 2019,7AM-3PM,RN,6
ER,Jan 06 2019,7AM-3PM,NA,1
ER,Jan 06 2019,7AM-3PM,PHLEB,1
ER,Jan 06 2019,7AM-3PM,SW,1
ER,Jan 06 2019,3PM-11PM,RN,4
ER,Jan 06 2019,3PM-11PM,ULTRA,1
ER,Jan 06 2019,3PM-11PM,SW,1
ER,Jan 06 2019,11PM-7AM,RN,4
ER,Jan 06 2019,11PM-7AM,LPN,2
ER,Jan 06 2019,11PM-7AM,NA,1
ER,Jan 07 2019,7AM-3PM,RN,2
ER,Jan 07 2019,7AM-3PM,NA,1
ER,Jan 07 2019,3PM-11PM,RN,2
ER,Jan 07 2019,11PM-7AM,RN,4
ER,Jan 07 2019,11PM-7AM,NA,1
ER,Jan 08 2019,7AM-3PM,LPN,1
ER,Jan 08 2019,7AM-3PM,NA,1
ER,Jan 08 2019,7AM-3PM,PHLEB,1
ER,Jan 08 2019,3PM-11PM,RN,6
ER,Jan 08 2019,3PM-11PM,LPN,1
ER,Jan 08 2019,3PM-11PM,NA,1
ER,Jan 08 2019,3PM-11PM,XRAY,1
ER,Jan 08 2019,3PM-11PM,ULTRA,1
ER,Jan 08 2019,3PM-11PM,SW,1
ER,Jan 08 2019,11PM-7AM,RN,2
ER,Jan 08 2019,11PM-7AM,NA,1
ER,Jan 08 2019,11PM-7AM,XRAY,1
ER,Jan 08 2019,11PM-7AM,ULTRA,1
ER,Jan 09 2019,7AM-3PM,RN,2
ER,Jan 09 2019,7AM-3PM,LPN,3
ER,Jan 09 2019,7AM-3PM,PHARM,1
ER,Jan 09 2019,7AM-3PM,NA,1
ER,Jan 09 2019,3PM-11PM,RN,2
ER,Jan 09 2019,3PM-11PM,PHLEB,1
ER,Jan 09 2019,11PM-7AM,PHLEB,1
ER,Jan 09 2019,11PM-7AM,XRAY,1
ER,Jan 09 2019,11PM-7AM,ULTRA,1
ER,Jan 10 2019,7AM-3PM,RN,2
ER,Jan 10 2019,7AM-3PM,LPN,1
ER,Jan 10 2019,7AM-3PM,NA,1
ER,Jan 10 2019,7AM-3PM,XRAY,1
ER,Jan 10 2019,3PM-11PM,RN,4
ER,Jan 10 2019,3PM-11PM,LPN,1
ER,Jan 10 2019,11PM-7AM,NA,1
ER,Jan 10 2019,11PM-7AM,SW,1
ER,Jan 11 2019,7AM-3PM,RN,4
ER,Jan 11 2019,7AM-3PM,LPN,2
ER,Jan 11 2019,7AM-3PM,NA,2
ER,Jan 11 2019,3PM-11PM,RN,6
ER,Jan 11 2019,3PM-11PM,LPN,1
ER,Jan 11 2019,3PM-11PM,NA,1
ER,Jan 11 2019,11PM-7AM,LPN,1
ER,Jan 11 2019,11PM-7AM,NA,2
ER,Jan 11 2019,11PM-7AM,ULTRA,1
ER,Jan 12 2019,3PM-11PM,RN,2
ER,Jan 12 2019,3PM-11PM,LPN,2
ER,Jan 12 2019,3PM-11PM,NA,1
ER,Jan 12 2019,3PM-11PM,XRAY,1
ER,Jan 12 2019,3PM-11PM,SW,1
ER,Jan 12 2019,11PM-7AM,RN,2
ER,Jan 12 2019,11PM-7AM,PHLEB,2
ER,Jan 12 2019,11PM-7AM,ULTRA,1
ER,Jan 12 2019,11PM-7AM,SW,1
ER,Jan 13 2019,7AM-3PM,RN,2
ER,Jan 13 2019,7AM-3PM,PHLEB,1
ER,Jan 13 2019,7AM-3PM,XRAY,1
ER,Jan 13 2019,7AM-3PM,SW,1
ER,Jan 13 2019,3PM-11PM,NA,1
ER,Jan 13 2019,3PM-11PM,PHLEB,2
ER,Jan 13 2019,3PM-11PM,PHARM,1
ER,Jan 13 2019,11PM-7AM,RN,2
ER,Jan 13 2019,11PM-7AM,PHLEB,1
MAT,Dec 31 2018,7AM-3PM,RN,4
MAT,Dec 31 2018,7AM-3PM,LPN,2
MAT,Dec 31 2018,7AM-3PM,PHLEB,2
MAT,Dec 31 2018,3PM-11PM,LPN,2
MAT,Dec 31 2018,3PM-11PM,ULTRA,1
MAT,Jan 01 2019,7AM-3PM,PHARM,1
MAT,Jan 01 2019,7AM-3PM,LPN,1
MAT,Jan 01 2019,7AM-3PM,PHLEB,2
MAT,Jan 01 2019,7AM-3PM,XRAY,1
MAT,Jan 01 2019,7AM-3PM,SW,1
MAT,Jan 01 2019,3PM-11PM,RN,6
MAT,Jan 01 2019,3PM-11PM,PHLEB,1
MAT,Jan 01 2019,3PM-11PM,XRAY,1
MAT,Jan 01 2019,3PM-11PM,SW,1
MAT,Jan 01 2019,11PM-7AM,LPN,2
MAT,Jan 01 2019,11PM-7AM,NA,1
MAT,Jan 02 2019,7AM-3PM,RN,2
MAT,Jan 02 2019,7AM-3PM,NA,1
MAT,Jan 02 2019,7AM-3PM,ULTRA,1
MAT,Jan 02 2019,3PM-11PM,LPN,1
MAT,Jan 02 2019,3PM-11PM,NA,1
MAT,Jan 02 2019,3PM-11PM,PHLEB,1
MAT,Jan 02 2019,3PM-11PM,XRAY,1
MAT,Jan 02 2019,11PM-7AM,RN,2
MAT,Jan 02 2019,11PM-7AM,PHLEB,1
MAT,Jan 02 2019,11PM-7AM,XRAY,1
MAT,Jan 03 2019,7AM-3PM,RN,2
MAT,Jan 03 2019,7AM-3PM,NA,1
MAT,Jan 03 2019,7AM-3PM,PHLEB,1
MAT,Jan 03 2019,7AM-3PM,XRAY,1
MAT,Jan 03 2019,3PM-11PM,NA,1
MAT,Jan 03 2019,11PM-7AM,RN,4
MAT,Jan 03 2019,11PM-7AM,LPN,3
MAT,Jan 03 2019,11PM-7AM,NA,1
MAT,Jan 03 2019,11PM-7AM,ULTRA,1
MAT,Jan 03 2019,11PM-7AM,SW,1
MAT,Jan 04 2019,7AM-3PM,RN,6
MAT,Jan 04 2019,7AM-3PM,LPN,2
MAT,Jan 04 2019,3PM-11PM,RN,2
MAT,Jan 04 2019,3PM-11PM,LPN,2
MAT,Jan 04 2019,3PM-11PM,SW,1
MAT,Jan 04 2019,11PM-7AM,RN,4
MAT,Jan 04 2019,11PM-7AM,LPN,1
MAT,Jan 04 2019,11PM-7AM,PHLEB,1
MAT,Jan 04 2019,11PM-7AM,XRAY,1
MAT,Jan 05 2019,7AM-3PM,RN,2
MAT,Jan 05 2019,7AM-3PM,NA,1
MAT,Jan 05 2019,3PM-11PM,RN,2
MAT,Jan 05 2019,3PM-11PM,NA,1
MAT,Jan 05 2019,3PM-11PM,ULTRA,1
MAT,Jan 05 2019,11PM-7AM,RN,2
MAT,Jan 05 2019,11PM-7AM,LPN,1
MAT,Jan 05 2019,11PM-7AM,NA,1
MAT,Jan 05 2019,11PM-7AM,PHLEB,1
MAT,Jan 05 2019,11PM-7AM,SW,1
MAT,Jan 06 2019,7AM-3PM,LPN,2
MAT,Jan 06 2019,7AM-3PM,NA,1
MAT,Jan 06 2019,7AM-3PM,XRAY,1
MAT,Jan 06 2019,3PM-11PM,RN,4
MAT,Jan 06 2019,3PM-11PM,LPN,2
MAT,Jan 06 2019,3PM-11PM,NA,1
MAT,Jan 06 2019,3PM-11PM,SW,1
MAT,Jan 06 2019,11PM-7AM,PHLEB,1
MAT,Jan 06 2019,11PM-7AM,XRAY,1
MAT,Jan 06 2019,11PM-7AM,ULTRA,1
MAT,Jan 06 2019,11PM-7AM,SW,1
MAT,Jan 07 2019,7AM-3PM,LPN,1
MAT,Jan 07 2019,7AM-3PM,NA,1
MAT,Jan 07 2019,3PM-11PM,RN,2
MAT,Jan 07 2019,3PM-11PM,NA,1
MAT,Jan 07 2019,3PM-11PM,PHLEB,2
MAT,Jan 07 2019,3PM-11PM,ULTRA,1
MAT,Jan 07 2019,3PM-11PM,SW,1
MAT,Jan 07 2019,11PM-7AM,LPN,1
MAT,Jan 07 2019,11PM-7AM,NA,1
MAT,Jan 07 2019,11PM-7AM,ULTRA,1
MAT,Jan 08 2019,7AM-3PM,LPN,1
MAT,Jan 08 2019,7AM-3PM,NA,1
MAT,Jan 08 2019,7AM-3PM,ULTRA,1
MAT,Jan 08 2019,3PM-11PM,RN,4
MAT,Jan 08 2019,3PM-11PM,LPN,1
MAT,Jan 08 2019,3PM-11PM,NA,1
MAT,Jan 09 2019,7AM-3PM,LPN,1
MAT,Jan 09 2019,7AM-3PM,ULTRA,1
MAT,Jan 09 2019,3PM-11PM,RN,2
MAT,Jan 09 2019,3PM-11PM,ULTRA,1
MAT,Jan 09 2019,11PM-7AM,RN,2
MAT,Jan 09 2019,11PM-7AM,NA,1
MAT,Jan 09 2019,11PM-7AM,ULTRA,1
MAT,Jan 09 2019,11PM-7AM,SW,1
MAT,Jan 10 2019,7AM-3PM,LPN,2
MAT,Jan 10 2019,7AM-3PM,SW,1
MAT,Jan 10 2019,3PM-11PM,LPN,2
MAT,Jan 10 2019,11PM-7AM,LPN,1
MAT,Jan 10 2019,11PM-7AM,ULTRA,1
MAT,Jan 11 2019,7AM-3PM,RN,2
MAT,Jan 11 2019,7AM-3PM,LPN,3
MAT,Jan 11 2019,7AM-3PM,NA,1
MAT,Jan 11 2019,7AM-3PM,PHLEB,1
MAT,Jan 11 2019,7AM-3PM,SW,1
MAT,Jan 11 2019,3PM-11PM,RN,2
MAT,Jan 11 2019,3PM-11PM,NA,1
MAT,Jan 11 2019,3PM-11PM,PHLEB,1
MAT,Jan 11 2019,3PM-11PM,XRAY,1
MAT,Jan 11 2019,11PM-7AM,LPN,3
MAT,Jan 11 2019,11PM-7AM,NA,1
MAT,Jan 11 2019,11PM-7AM,PHLEB,1
MAT,Jan 12 2019,7AM-3PM,RN,6
MAT,Jan 12 2019,7AM-3PM,LPN,1
MAT,Jan 12 2019,7AM-3PM,NA,1
MAT,Jan 12 2019,7AM-3PM,PHLEB,1
MAT,Jan 12 2019,3PM-11PM,RN,2
MAT,Jan 12 2019,3PM-11PM,LPN,1
MAT,Jan 12 2019,3PM-11PM,NA,1
MAT,Jan 12 2019,3PM-11PM,XRAY,1
MAT,Jan 12 2019,3PM-11PM,ULTRA,1
MAT,Jan 12 2019,11PM-7AM,ULTRA,1
MAT,Jan 13 2019,7AM-3PM,NA,2
MAT,Jan 13 2019,7AM-3PM,PHLEB,1
MAT,Jan 13 2019,3PM-11PM,NA,1
MAT,Jan 13 2019,3PM-11PM,XRAY,1
MAT,Jan 13 2019,3PM-11PM,ULTRA,1
MAT,Jan 13 2019,11PM-7AM,LPN,1
MAT,Jan 13 2019,11PM-7AM,PHLEB,1
MAT,Jan 13 2019,11PM-7AM,XRAY,1
MAT,Jan 13 2019,11PM-7AM,SW,1
SUR,Dec 31 2018,7AM-3PM,LPN,3
SUR,Dec 31 2018,7AM-3PM,ULTRA,1
SUR,Dec 31 2018,3PM-11PM,RN,2
SUR,Dec 31 2018,11PM-7AM,RN,6
SUR,Dec 31 2018,11PM-7AM,NA,1
SUR,Dec 31 2018,11PM-7AM,PHLEB,1
SUR,Dec 31 2018,11PM-7AM,XRAY,1
SUR,Dec 31 2018,11PM-7AM,ULTRA,1
SUR,Dec 31 2018,11PM-7AM,SW,1
SUR,Jan 01 2019,7AM-3PM,RN,2
SUR,Jan 01 2019,7AM-3PM,LPN,3
SUR,Jan 01 2019,7AM-3PM,NA,1
SUR,Jan 01 2019,7AM-3PM,XRAY,1
SUR,Jan 01 2019,3PM-11PM,RN,2
SUR,Jan 01 2019,3PM-11PM,NA,1
SUR,Jan 01 2019,3PM-11PM,PHLEB,1
SUR,Jan 01 2019,3PM-11PM,XRAY,1
SUR,Jan 01 2019,11PM-7AM,LPN,1
SUR,Jan 01 2019,11PM-7AM,NA,1
SUR,Jan 01 2019,11PM-7AM,PHLEB,2
SUR,Jan 01 2019,11PM-7AM,XRAY,1
SUR,Jan 01 2019,11PM-7AM,ULTRA,1
SUR,Jan 02 2019,7AM-3PM,LPN,1
SUR,Jan 02 2019,3PM-11PM,RN,4
SUR,Jan 02 2019,3PM-11PM,LPN,1
SUR,Jan 02 2019,3PM-11PM,NA,1
SUR,Jan 02 2019,11PM-7AM,LPN,1
SUR,Jan 02 2019,11PM-7AM,NA,1
SUR,Jan 02 2019,11PM-7AM,XRAY,1
SUR,Jan 02 2019,11PM-7AM,ULTRA,1
SUR,Jan 03 2019,7AM-3PM,RN,2
SUR,Jan 03 2019,7AM-3PM,PHLEB,1
SUR,Jan 03 2019,7AM-3PM,ULTRA,1
SUR,Jan 03 2019,3PM-11PM,RN,2
SUR,Jan 03 2019,3PM-11PM,ULTRA,1
SUR,Jan 03 2019,11PM-7AM,RN,2
SUR,Jan 03 2019,11PM-7AM,NA,1
SUR,Jan 04 2019,7AM-3PM,RN,6
SUR,Jan 04 2019,7AM-3PM,LPN,1
SUR,Jan 04 2019,7AM-3PM,ULTRA,1
SUR,Jan 04 2019,3PM-11PM,RN,2
SUR,Jan 04 2019,3PM-11PM,LPN,1
SUR,Jan 04 2019,3PM-11PM,NA,1
SUR,Jan 04 2019,11PM-7AM,RN,2
SUR,Jan 04 2019,11PM-7AM,NA,1
SUR,Jan 04 2019,11PM-7AM,XRAY,1
SUR,Jan 05 2019,7AM-3PM,NA,1
SUR,Jan 05 2019,3PM-11PM,LPN,1
SUR,Jan 05 2019,3PM-11PM,NA,2
SUR,Jan 05 2019,11PM-7AM,RN,6
SUR,Jan 05 2019,11PM-7AM,NA,1
SUR,Jan 06 2019,7AM-3PM,RN,2
SUR,Jan 06 2019,7AM-3PM,LPN,2
SUR,Jan 06 2019,7AM-3PM,NA,1
SUR,Jan 06 2019,7AM-3PM,PHLEB,1
SUR,Jan 06 2019,7AM-3PM,XRAY,1
SUR,Jan 06 2019,7AM-3PM,SW,1
SUR,Jan 06 2019,3PM-11PM,PHLEB,1
SUR,Jan 06 2019,3PM-11PM,ULTRA,1
SUR,Jan 06 2019,11PM-7AM,NA,1
SUR,Jan 06 2019,11PM-7AM,SW,1
SUR,Jan 07 2019,7AM-3PM,NA,1
SUR,Jan 07 2019,7AM-3PM,ULTRA,1
SUR,Jan 07 2019,7AM-3PM,SW,1
SUR,Jan 07 2019,3PM-11PM,RN,4
SUR,Jan 07 2019,3PM-11PM,LPN,1
SUR,Jan 07 2019,3PM-11PM,NA,1
SUR,Jan 07 2019,3PM-11PM,ULTRA,1
SUR,Jan 07 2019,11PM-7AM,LPN,3
SUR,Jan 07 2019,11PM-7AM,SW,1
SUR,Jan 08 2019,7AM-3PM,LPN,1
SUR,Jan 08 2019,7AM-3PM,PHLEB,1
SUR,Jan 08 2019,7AM-3PM,SW,1
SUR,Jan 08 2019,3PM-11PM,LPN,2
SUR,Jan 08 2019,3PM-11PM,NA,1
SUR,Jan 08 2019,3PM-11PM,ULTRA,1
SUR,Jan 08 2019,11PM-7AM,LPN,3
SUR,Jan 08 2019,11PM-7AM,NA,1
SUR,Jan 09 2019,7AM-3PM,RN,4
SUR,Jan 09 2019,7AM-3PM,LPN,2
SUR,Jan 09 2019,7AM-3PM,NA,1
SUR,Jan 09 2019,7AM-3PM,PHLEB,2
SUR,Jan 09 2019,3PM-11PM,RN,6
SUR,Jan 09 2019,3PM-11PM,LPN,1
SUR,Jan 09 2019,3PM-11PM,NA,1
SUR,Jan 09 2019,11PM-7AM,NA,1
SUR,Jan 10 2019,7AM-3PM,RN,2
SUR,Jan 10 2019,7AM-3PM,LPN,2
SUR,Jan 10 2019,7AM-3PM,SW,1
SUR,Jan 10 2019,3PM-11PM,PHLEB,2
SUR,Jan 10 2019,3PM-11PM,XRAY,1
SUR,Jan 11 2019,7AM-3PM,RN,4
SUR,Jan 11 2019,7AM-3PM,LPN,1
SUR,Jan 11 2019,3PM-11PM,RN,2
SUR,Jan 11 2019,3PM-11PM,LPN,2
SUR,Jan 11 2019,3PM-11PM,NA,1
SUR,Jan 11 2019,3PM-11PM,PHLEB,1
SUR,Jan 11 2019,3PM-11PM,SW,1
SUR,Jan 11 2019,11PM-7AM,LPN,1
SUR,Jan 11 2019,11PM-7AM,NA,1
SUR,Jan 11 2019,11PM-7AM,PHLEB,1
SUR,Jan 11 2019,11PM-7AM,ULTRA,1
SUR,Jan 12 2019,7AM-3PM,LPN,1
SUR,Jan 12 2019,7AM-3PM,PHLEB,2
SUR,Jan 12 2019,3PM-11PM,RN,4
SUR,Jan 12 2019,3PM-11PM,XRAY,1
SUR,Jan 12 2019,3PM-11PM,ULTRA,1
SUR,Jan 12 2019,11PM-7AM,LPN,1
SUR,Jan 12 2019,11PM-7AM,XRAY,1
SUR,Jan 12 2019,11PM-7AM,ULTRA,1
SUR,Jan 13 2019,7AM-3PM,PHLEB,1
SUR,Jan 13 2019,7AM-3PM,PHARM,1
SUR,Jan 13 2019,3PM-11PM,RN,2
SUR,Jan 13 2019,3PM-11PM,LPN,1
SUR,Jan 13 2019,3PM-11PM,NA,1
SUR,Jan 13 2019,3PM-11PM,PHLEB,1
SUR,Jan 13 2019,3PM-11PM,SW,1
SUR,Jan 13 2019,11PM-7AM,LPN,2
SUR,Jan 13 2019,11PM-7AM,NA,1
SUR,Jan 13 2019,11PM-7AM,XRAY,1
SUR,Jan 13 2019,11PM-7AM,ULTRA,1
OBS,Dec 31 2018,7AM-3PM,RN,2
OBS,Dec 31 2018,7AM-3PM,LPN,3
OBS,Dec 31 2018,7AM-3PM,NA,1
OBS,Dec 31 2018,3PM-11PM,RN,2
OBS,Dec 31 2018,3PM-11PM,LPN,2
OBS,Dec 31 2018,3PM-11PM,XRAY,1
OBS,Dec 31 2018,3PM-11PM,SW,1
OBS,Dec 31 2018,11PM-7AM,RN,2
OBS,Dec 31 2018,11PM-7AM,NA,1
OBS,Dec 31 2018,11PM-7AM,ULTRA,1
OBS,Jan 01 2019,7AM-3PM,LPN,2
OBS,Jan 01 2019,7AM-3PM,NA,1
OBS,Jan 01 2019,3PM-11PM,RN,2
OBS,Jan 01 2019,3PM-11PM,NA,1
OBS,Jan 01 2019,3PM-11PM,ULTRA,1
OBS,Jan 01 2019,3PM-11PM,SW,1
OBS,Jan 01 2019,11PM-7AM,LPN,1
OBS,Jan 01 2019,11PM-7AM,NA,1
OBS,Jan 01 2019,11PM-7AM,ULTRA,1
OBS,Jan 02 2019,7AM-3PM,RN,4
OBS,Jan 02 2019,7AM-3PM,LPN,2
OBS,Jan 02 2019,7AM-3PM,PHLEB,1
OBS,Jan 02 2019,7AM-3PM,XRAY,1
OBS,Jan 02 2019,7AM-3PM,SW,1
OBS,Jan 02 2019,3PM-11PM,RN,6
OBS,Jan 02 2019,3PM-11PM,LPN,1
OBS,Jan 02 2019,11PM-7AM,RN,2
OBS,Jan 02 2019,11PM-7AM,LPN,2
OBS,Jan 02 2019,11PM-7AM,NA,2
OBS,Jan 02 2019,11PM-7AM,ULTRA,1
OBS,Jan 03 2019,7AM-3PM,LPN,2
OBS,Jan 03 2019,7AM-3PM,NA,2
OBS,Jan 03 2019,7AM-3PM,SW,1
OBS,Jan 03 2019,3PM-11PM,RN,2
OBS,Jan 03 2019,3PM-11PM,LPN,1
OBS,Jan 03 2019,3PM-11PM,XRAY,1
OBS,Jan 03 2019,11PM-7AM,RN,2
OBS,Jan 03 2019,11PM-7AM,LPN,1
OBS,Jan 04 2019,7AM-3PM,LPN,2
OBS,Jan 04 2019,7AM-3PM,XRAY,1
OBS,Jan 04 2019,3PM-11PM,LPN,2
OBS,Jan 04 2019,3PM-11PM,NA,1
OBS,Jan 04 2019,3PM-11PM,PHLEB,2
OBS,Jan 04 2019,11PM-7AM,NA,1
OBS,Jan 04 2019,11PM-7AM,PHLEB,1
OBS,Jan 04 2019,11PM-7AM,ULTRA,1
OBS,Jan 05 2019,7AM-3PM,RN,4
OBS,Jan 05 2019,7AM-3PM,LPN,1
OBS,Jan 05 2019,7AM-3PM,ULTRA,1
OBS,Jan 05 2019,7AM-3PM,SW,1
OBS,Jan 05 2019,3PM-11PM,RN,6
OBS,Jan 05 2019,3PM-11PM,LPN,2
OBS,Jan 05 2019,3PM-11PM,PHLEB,1
OBS,Jan 05 2019,11PM-7AM,RN,2
OBS,Jan 05 2019,11PM-7AM,LPN,2
OBS,Jan 05 2019,11PM-7AM,NA,1
OBS,Jan 05 2019,11PM-7AM,SW,1
OBS,Jan 06 2019,7AM-3PM,LPN,2
OBS,Jan 06 2019,7AM-3PM,NA,1
OBS,Jan 06 2019,3PM-11PM,RN,4
OBS,Jan 06 2019,3PM-11PM,PHLEB,1
OBS,Jan 06 2019,3PM-11PM,XRAY,1
OBS,Jan 06 2019,11PM-7AM,RN,2
OBS,Jan 06 2019,11PM-7AM,LPN,3
OBS,Jan 06 2019,11PM-7AM,XRAY,1
OBS,Jan 06 2019,11PM-7AM,ULTRA,1
OBS,Jan 07 2019,7AM-3PM,RN,2
OBS,Jan 07 2019,7AM-3PM,NA,1
OBS,Jan 07 2019,7AM-3PM,SW,1
OBS,Jan 07 2019,3PM-11PM,RN,2
OBS,Jan 07 2019,3PM-11PM,NA,1
OBS,Jan 07 2019,11PM-7AM,NA,1
OBS,Jan 08 2019,7AM-3PM,RN,4
OBS,Jan 08 2019,7AM-3PM,LPN,1
OBS,Jan 08 2019,7AM-3PM,NA,1
OBS,Jan 08 2019,7AM-3PM,SW,1
OBS,Jan 08 2019,3PM-11PM,RN,4
OBS,Jan 08 2019,3PM-11PM,LPN,1
OBS,Jan 08 2019,3PM-11PM,NA,1
OBS,Jan 08 2019,11PM-7AM,RN,2
OBS,Jan 08 2019,11PM-7AM,LPN,2
OBS,Jan 08 2019,11PM-7AM,NA,1
OBS,Jan 08 2019,11PM-7AM,SW,1
OBS,Jan 09 2019,7AM-3PM,LPN,2
OBS,Jan 09 2019,7AM-3PM,XRAY,1
OBS,Jan 09 2019,3PM-11PM,RN,4
OBS,Jan 09 2019,3PM-11PM,LPN,3
OBS,Jan 09 2019,3PM-11PM,NA,1
OBS,Jan 09 2019,3PM-11PM,ULTRA,1
OBS,Jan 09 2019,11PM-7AM,RN,2
OBS,Jan 09 2019,11PM-7AM,XRAY,1
OBS,Jan 10 2019,7AM-3PM,LPN,2
OBS,Jan 10 2019,7AM-3PM,XRAY,1
OBS,Jan 10 2019,7AM-3PM,ULTRA,1
OBS,Jan 10 2019,3PM-11PM,RN,2
OBS,Jan 10 2019,3PM-11PM,LPN,3
OBS,Jan 10 2019,3PM-11PM,NA,1
OBS,Jan 10 2019,11PM-7AM,RN,2
OBS,Jan 10 2019,11PM-7AM,PHLEB,1
OBS,Jan 11 2019,7AM-3PM,RN,4
OBS,Jan 11 2019,7AM-3PM,LPN,2
OBS,Jan 11 2019,3PM-11PM,RN,2
OBS,Jan 11 2019,3PM-11PM,NA,1
OBS,Jan 11 2019,3PM-11PM,SW,1
OBS,Jan 11 2019,11PM-7AM,RN,2
OBS,Jan 11 2019,11PM-7AM,NA,1
OBS,Jan 11 2019,11PM-7AM,ULTRA,1
OBS,Jan 12 2019,7AM-3PM,RN,6
OBS,Jan 12 2019,7AM-3PM,LPN,2
OBS,Jan 12 2019,7AM-3PM,NA,1
OBS,Jan 12 2019,3PM-11PM,RN,2
OBS,Jan 12 2019,3PM-11PM,LPN,2
OBS,Jan 12 2019,3PM-11PM,NA,1
OBS,Jan 12 2019,3PM-11PM,ULTRA,1
OBS,Jan 12 2019,3PM-11PM,SW,1
OBS,Jan 12 2019,11PM-7AM,LPN,2
OBS,Jan 12 2019,11PM-7AM,NA,1
OBS,Jan 13 2019,7AM-3PM,RN,2
OBS,Jan 13 2019,7AM-3PM,NA,1
OBS,Jan 13 2019,7AM-3PM,XRAY,1
OBS,Jan 13 2019,3PM-11PM,LPN,1
OBS,Jan 13 2019,3PM-11PM,PHLEB,1
OBS,Jan 13 2019,3PM-11PM,XRAY,1
OBS,Jan 13 2019,3PM-11PM,ULTRA,1
OBS,Jan 13 2019,11PM-7AM,LPN,1
OBS,Jan 13 2019,11PM-7AM,PHLEB,1
OBS,Jan 13 2019,11PM-7AM,SW,1
PED,Dec 31 2018,7AM-3PM,PHLEB,2
PED,Dec 31 2018,7AM-3PM,XRAY,1
PED,Dec 31 2018,7AM-3PM,PHARM,1
PED,Dec 31 2018,7AM-3PM,ULTRA,1
PED,Dec 31 2018,3PM-11PM,RN,6
PED,Dec 31 2018,3PM-11PM,LPN,1
PED,Dec 31 2018,3PM-11PM,NA,1
PED,Dec 31 2018,3PM-11PM,PHLEB,1
PED,Dec 31 2018,11PM-7AM,RN,2
PED,Dec 31 2018,11PM-7AM,LPN,3
PED,Dec 31 2018,11PM-7AM,NA,2
PED,Jan 01 2019,7AM-3PM,NA,1
PED,Jan 01 2019,3PM-11PM,RN,2
PED,Jan 01 2019,3PM-11PM,NA,1
PED,Jan 01 2019,3PM-11PM,ULTRA,1
PED,Jan 01 2019,11PM-7AM,RN,4
PED,Jan 01 2019,11PM-7AM,LPN,1
PED,Jan 01 2019,11PM-7AM,NA,1
PED,Jan 01 2019,11PM-7AM,XRAY,1
PED,Jan 01 2019,11PM-7AM,ULTRA,1
PED,Jan 02 2019,7AM-3PM,LPN,2
PED,Jan 02 2019,7AM-3PM,NA,1
PED,Jan 02 2019,7AM-3PM,XRAY,1
PED,Jan 02 2019,7AM-3PM,ULTRA,1
PED,Jan 02 2019,3PM-11PM,RN,2
PED,Jan 02 2019,3PM-11PM,LPN,3
PED,Jan 02 2019,3PM-11PM,NA,1
PED,Jan 02 2019,3PM-11PM,ULTRA,1
PED,Jan 02 2019,3PM-11PM,SW,1
PED,Jan 02 2019,11PM-7AM,RN,4
PED,Jan 02 2019,11PM-7AM,LPN,1
PED,Jan 02 2019,11PM-7AM,NA,1
PED,Jan 02 2019,11PM-7AM,XRAY,1
PED,Jan 03 2019,7AM-3PM,LPN,1
PED,Jan 03 2019,7AM-3PM,PHLEB,1
PED,Jan 03 2019,7AM-3PM,ULTRA,1
PED,Jan 03 2019,3PM-11PM,RN,4
PED,Jan 03 2019,3PM-11PM,NA,2
PED,Jan 03 2019,11PM-7AM,RN,2
PED,Jan 03 2019,11PM-7AM,NA,1
PED,Jan 03 2019,11PM-7AM,XRAY,1
PED,Jan 04 2019,7AM-3PM,NA,1
PED,Jan 04 2019,7AM-3PM,SW,1
PED,Jan 04 2019,3PM-11PM,LPN,1
PED,Jan 04 2019,3PM-11PM,SW,1
PED,Jan 04 2019,11PM-7AM,RN,2
PED,Jan 04 2019,11PM-7AM,NA,1
PED,Jan 04 2019,11PM-7AM,ULTRA,1
PED,Jan 04 2019,11PM-7AM,SW,1
PED,Jan 05 2019,7AM-3PM,NA,1
PED,Jan 05 2019,3PM-11PM,RN,4
PED,Jan 05 2019,3PM-11PM,NA,1
PED,Jan 05 2019,11PM-7AM,RN,2
PED,Jan 05 2019,11PM-7AM,LPN,3
PED,Jan 05 2019,11PM-7AM,NA,1
PED,Jan 05 2019,11PM-7AM,ULTRA,1
PED,Jan 06 2019,7AM-3PM,RN,4
PED,Jan 06 2019,7AM-3PM,XRAY,1
PED,Jan 06 2019,3PM-11PM,LPN,2
PED,Jan 06 2019,11PM-7AM,RN,4
PED,Jan 06 2019,11PM-7AM,LPN,2
PED,Jan 06 2019,11PM-7AM,NA,1
PED,Jan 06 2019,11PM-7AM,XRAY,1
PED,Jan 06 2019,11PM-7AM,ULTRA,1
PED,Jan 07 2019,7AM-3PM,RN,2
PED,Jan 07 2019,7AM-3PM,LPN,2
PED,Jan 07 2019,7AM-3PM,PHLEB,2
PED,Jan 07 2019,7AM-3PM,ULTRA,1
PED,Jan 07 2019,3PM-11PM,RN,2
PED,Jan 07 2019,3PM-11PM,NA,1
PED,Jan 07 2019,11PM-7AM,NA,1
PED,Jan 07 2019,11PM-7AM,XRAY,1
PED,Jan 07 2019,11PM-7AM,SW,1
PED,Jan 08 2019,7AM-3PM,LPN,1
PED,Jan 08 2019,7AM-3PM,NA,1
PED,Jan 08 2019,7AM-3PM,XRAY,1
PED,Jan 08 2019,7AM-3PM,ULTRA,1
PED,Jan 08 2019,3PM-11PM,RN,4
PED,Jan 08 2019,3PM-11PM,NA,1
PED,Jan 08 2019,11PM-7AM,LPN,1
PED,Jan 08 2019,11PM-7AM,PHLEB,1
PED,Jan 09 2019,7AM-3PM,RN,4
PED,Jan 09 2019,7AM-3PM,NA,1
PED,Jan 09 2019,7AM-3PM,XRAY,1
PED,Jan 09 2019,3PM-11PM,RN,4
PED,Jan 09 2019,3PM-11PM,NA,1
PED,Jan 09 2019,3PM-11PM,PHLEB,2
PED,Jan 09 2019,3PM-11PM,XRAY,1
PED,Jan 09 2019,3PM-11PM,ULTRA,1
PED,Jan 09 2019,11PM-7AM,XRAY,1
PED,Jan 09 2019,11PM-7AM,SW,1
PED,Jan 10 2019,7AM-3PM,RN,6
PED,Jan 10 2019,7AM-3PM,NA,1
PED,Jan 10 2019,7AM-3PM,PHLEB,1
PED,Jan 10 2019,7AM-3PM,XRAY,1
PED,Jan 10 2019,3PM-11PM,PHLEB,1
PED,Jan 10 2019,3PM-11PM,XRAY,1
PED,Jan 10 2019,11PM-7AM,LPN,1
PED,Jan 10 2019,11PM-7AM,NA,2
PED,Jan 10 2019,11PM-7AM,ULTRA,1
PED,Jan 11 2019,7AM-3PM,RN,2
PED,Jan 11 2019,7AM-3PM,LPN,2
PED,Jan 11 2019,7AM-3PM,NA,1
PED,Jan 11 2019,7AM-3PM,XRAY,1
PED,Jan 11 2019,7AM-3PM,ULTRA,1
PED,Jan 11 2019,7AM-3PM,SW,1
PED,Jan 11 2019,3PM-11PM,RN,2
PED,Jan 11 2019,3PM-11PM,LPN,2
PED,Jan 11 2019,3PM-11PM,NA,2
PED,Jan 11 2019,3PM-11PM,XRAY,1
PED,Jan 11 2019,11PM-7AM,LPN,1
PED,Jan 11 2019,11PM-7AM,PHLEB,1
PED,Jan 11 2019,11PM-7AM,XRAY,1
PED,Jan 12 2019,7AM-3PM,NA,1
PED,Jan 12 2019,7AM-3PM,XRAY,1
PED,Jan 12 2019,7AM-3PM,ULTRA,1
PED,Jan 12 2019,7AM-3PM,SW,1
PED,Jan 12 2019,3PM-11PM,RN,2
PED,Jan 12 2019,3PM-11PM,NA,1
PED,Jan 12 2019,3PM-11PM,XRAY,1
PED,Jan 12 2019,11PM-7AM,LPN,2
PED,Jan 12 2019,11PM-7AM,NA,1
PED,Jan 13 2019,7AM-3PM,RN,6
PED,Jan 13 2019,3PM-11PM,RN,2
PED,Jan 13 2019,3PM-11PM,LPN,2
PED,Jan 13 2019,3PM-11PM,PHLEB,2
PED,Jan 13 2019,3PM-11PM,ULTRA,1
PED,Jan 13 2019,3PM-11PM,SW,1
PED,Jan 13 2019,11PM-7AM,RN,2
PED,Jan 13 2019,11PM-7AM,LPN,1
PED,Jan 13 2019,11PM-7AM,PHLEB,1
ONC,Dec 31 2018,7AM-3PM,NA,1
ONC,Dec 31 2018,7AM-3PM,PHLEB,2
ONC,Dec 31 2018,7AM-3PM,ULTRA,1
ONC,Dec 31 2018,7AM-3PM,SW,1
ONC,Dec 31 2018,3PM-11PM,LPN,1
ONC,Dec 31 2018,3PM-11PM,NA,1
ONC,Dec 31 2018,3PM-11PM,XRAY,1
ONC,Dec 31 2018,11PM-7AM,RN,2
ONC,Dec 31 2018,11PM-7AM,LPN,1
ONC,Dec 31 2018,11PM-7AM,NA,1
ONC,Dec 31 2018,11PM-7AM,PHLEB,2
ONC,Dec 31 2018,11PM-7AM,ULTRA,1
ONC,Jan 01 2019,7AM-3PM,RN,2
ONC,Jan 01 2019,7AM-3PM,NA,1
ONC,Jan 01 2019,7AM-3PM,PHLEB,1
ONC,Jan 01 2019,7AM-3PM,SW,1
ONC,Jan 01 2019,11PM-7AM,NA,1
ONC,Jan 01 2019,11PM-7AM,ULTRA,1
ONC,Jan 02 2019,7AM-3PM,RN,2
ONC,Jan 02 2019,7AM-3PM,LPN,1
ONC,Jan 02 2019,7AM-3PM,NA,1
ONC,Jan 02 2019,3PM-11PM,RN,2
ONC,Jan 02 2019,3PM-11PM,LPN,1
ONC,Jan 02 2019,3PM-11PM,PHLEB,2
ONC,Jan 02 2019,3PM-11PM,XRAY,1
ONC,Jan 02 2019,11PM-7AM,RN,4
ONC,Jan 02 2019,11PM-7AM,LPN,3
ONC,Jan 02 2019,11PM-7AM,NA,1
ONC,Jan 02 2019,11PM-7AM,PHLEB,1
ONC,Jan 02 2019,11PM-7AM,XRAY,1
ONC,Jan 03 2019,7AM-3PM,LPN,2
ONC,Jan 03 2019,7AM-3PM,NA,1
ONC,Jan 03 2019,7AM-3PM,PHLEB,1
ONC,Jan 03 2019,7AM-3PM,ULTRA,1
ONC,Jan 03 2019,3PM-11PM,RN,2
ONC,Jan 03 2019,3PM-11PM,LPN,2
ONC,Jan 03 2019,11PM-7AM,LPN,3
ONC,Jan 03 2019,11PM-7AM,NA,1
ONC,Jan 04 2019,7AM-3PM,NA,1
ONC,Jan 04 2019,7AM-3PM,PHLEB,1
ONC,Jan 04 2019,3PM-11PM,LPN,1
ONC,Jan 04 2019,11PM-7AM,SW,1
ONC,Jan 05 2019,7AM-3PM,RN,2
ONC,Jan 05 2019,7AM-3PM,LPN,3
ONC,Jan 05 2019,7AM-3PM,PHLEB,2
ONC,Jan 05 2019,7AM-3PM,SW,1
ONC,Jan 05 2019,3PM-11PM,LPN,1
ONC,Jan 05 2019,3PM-11PM,PHLEB,1
ONC,Jan 05 2019,3PM-11PM,XRAY,1
ONC,Jan 05 2019,11PM-7AM,RN,4
ONC,Jan 05 2019,11PM-7AM,LPN,1
ONC,Jan 05 2019,11PM-7AM,NA,1
ONC,Jan 06 2019,7AM-3PM,RN,4
ONC,Jan 06 2019,7AM-3PM,LPN,1
ONC,Jan 06 2019,7AM-3PM,NA,1
ONC,Jan 06 2019,7AM-3PM,SW,1
ONC,Jan 06 2019,3PM-11PM,LPN,1
ONC,Jan 06 2019,11PM-7AM,LPN,2
ONC,Jan 07 2019,7AM-3PM,RN,4
ONC,Jan 07 2019,7AM-3PM,LPN,2
ONC,Jan 07 2019,7AM-3PM,ULTRA,1
ONC,Jan 07 2019,3PM-11PM,RN,6
ONC,Jan 07 2019,3PM-11PM,LPN,1
ONC,Jan 07 2019,3PM-11PM,NA,1
ONC,Jan 07 2019,3PM-11PM,XRAY,1
ONC,Jan 07 2019,3PM-11PM,ULTRA,1
ONC,Jan 07 2019,11PM-7AM,RN,6
ONC,Jan 07 2019,11PM-7AM,LPN,1
ONC,Jan 07 2019,11PM-7AM,NA,1
ONC,Jan 07 2019,11PM-7AM,PHLEB,1
ONC,Jan 07 2019,11PM-7AM,ULTRA,1
ONC,Jan 07 2019,11PM-7AM,SW,1
ONC,Jan 08 2019,7AM-3PM,RN,4
ONC,Jan 08 2019,7AM-3PM,LPN,1
ONC,Jan 08 2019,7AM-3PM,NA,1
ONC,Jan 08 2019,3PM-11PM,RN,4
ONC,Jan 08 2019,3PM-11PM,LPN,1
ONC,Jan 08 2019,3PM-11PM,NA,1
ONC,Jan 08 2019,11PM-7AM,RN,2
ONC,Jan 08 2019,11PM-7AM,LPN,2
ONC,Jan 08 2019,11PM-7AM,NA,2
ONC,Jan 08 2019,11PM-7AM,ULTRA,1
ONC,Jan 09 2019,7AM-3PM,RN,2
ONC,Jan 09 2019,7AM-3PM,LPN,2
ONC,Jan 09 2019,7AM-3PM,ULTRA,1
ONC,Jan 09 2019,3PM-11PM,LPN,1
ONC,Jan 09 2019,3PM-11PM,NA,1
ONC,Jan 09 2019,3PM-11PM,ULTRA,1
ONC,Jan 09 2019,11PM-7AM,RN,4
ONC,Jan 09 2019,11PM-7AM,NA,1
ONC,Jan 09 2019,11PM-7AM,XRAY,1
ONC,Jan 10 2019,7AM-3PM,RN,4
ONC,Jan 10 2019,7AM-3PM,LPN,3
ONC,Jan 10 2019,3PM-11PM,RN,4
ONC,Jan 10 2019,3PM-11PM,NA,1
ONC,Jan 10 2019,3PM-11PM,PHLEB,2
ONC,Jan 10 2019,11PM-7AM,RN,2
ONC,Jan 10 2019,11PM-7AM,NA,1
ONC,Jan 11 2019,7AM-3PM,RN,4
ONC,Jan 11 2019,7AM-3PM,XRAY,1
ONC,Jan 11 2019,3PM-11PM,RN,4
ONC,Jan 11 2019,3PM-11PM,LPN,1
ONC,Jan 11 2019,3PM-11PM,NA,1
ONC,Jan 11 2019,11PM-7AM,RN,4
ONC,Jan 11 2019,11PM-7AM,NA,1
ONC,Jan 11 2019,11PM-7AM,PHLEB,1
ONC,Jan 12 2019,7AM-3PM,RN,2
ONC,Jan 12 2019,7AM-3PM,LPN,3
ONC,Jan 12 2019,7AM-3PM,NA,1
ONC,Jan 12 2019,7AM-3PM,SW,1
ONC,Jan 12 2019,3PM-11PM,LPN,1
ONC,Jan 12 2019,3PM-11PM,NA,1
ONC,Jan 12 2019,3PM-11PM,PHLEB,1
ONC,Jan 12 2019,11PM-7AM,RN,4
ONC,Jan 12 2019,11PM-7AM,XRAY,1
ONC,Jan 12 2019,11PM-7AM,SW,1
ONC,Jan 13 2019,7AM-3PM,RN,4
ONC,Jan 13 2019,3PM-11PM,LPN,1
ONC,Jan 13 2019,3PM-11PM,NA,1
ONC,Jan 13 2019,3PM-11PM,ULTRA,1
ONC,Jan 13 2019,3PM-11PM,SW,1
ONC,Jan 13 2019,11PM-7AM,RN,2
ONC,Jan 13 2019,11PM-7AM,LPN,1
ONC,Jan 13 2019,11PM-7AM,PHLEB,1
ICU,Dec 31 2018,3PM-11PM,RN,2
ICU,Dec 31 2018,3PM-11PM,LPN,3
ICU,Dec 31 2018,3PM-11PM,NA,1
ICU,Dec 31 2018,3PM-11PM,XRAY,1
ICU,Dec 31 2018,3PM-11PM,ULTRA,1
ICU,Dec 31 2018,11PM-7AM,RN,6
ICU,Dec 31 2018,11PM-7AM,NA,1
ICU,Dec 31 2018,11PM-7AM,SW,1
ICU,Jan 01 2019,7AM-3PM,RN,6
ICU,Jan 01 2019,7AM-3PM,LPN,2
ICU,Jan 01 2019,7AM-3PM,NA,1
ICU,Jan 01 2019,3PM-11PM,NA,1
ICU,Jan 01 2019,11PM-7AM,SW,1
ICU,Jan 02 2019,7AM-3PM,RN,2
ICU,Jan 02 2019,7AM-3PM,LPN,1
ICU,Jan 02 2019,7AM-3PM,NA,1
ICU,Jan 02 2019,3PM-11PM,LPN,3
ICU,Jan 02 2019,3PM-11PM,NA,1
ICU,Jan 02 2019,3PM-11PM,XRAY,1
ICU,Jan 02 2019,3PM-11PM,SW,1
ICU,Jan 02 2019,11PM-7AM,RN,2
ICU,Jan 02 2019,11PM-7AM,NA,1
ICU,Jan 02 2019,11PM-7AM,PHLEB,1
ICU,Jan 03 2019,7AM-3PM,RN,6
ICU,Jan 03 2019,7AM-3PM,LPN,2
ICU,Jan 03 2019,7AM-3PM,NA,1
ICU,Jan 03 2019,3PM-11PM,RN,4
ICU,Jan 03 2019,3PM-11PM,LPN,1
ICU,Jan 03 2019,3PM-11PM,NA,1
ICU,Jan 03 2019,11PM-7AM,RN,2
ICU,Jan 03 2019,11PM-7AM,LPN,3
ICU,Jan 04 2019,3PM-11PM,NA,1
ICU,Jan 04 2019,3PM-11PM,PHLEB,1
ICU,Jan 04 2019,11PM-7AM,LPN,2
ICU,Jan 04 2019,11PM-7AM,SW,1
ICU,Jan 05 2019,7AM-3PM,RN,4
ICU,Jan 05 2019,7AM-3PM,LPN,1
ICU,Jan 05 2019,7AM-3PM,PHLEB,1
ICU,Jan 05 2019,7AM-3PM,XRAY,1
ICU,Jan 05 2019,3PM-11PM,RN,4
ICU,Jan 05 2019,3PM-11PM,LPN,1
ICU,Jan 05 2019,3PM-11PM,NA,1
ICU,Jan 05 2019,3PM-11PM,PHLEB,2
ICU,Jan 05 2019,3PM-11PM,SW,1
ICU,Jan 05 2019,11PM-7AM,RN,4
ICU,Jan 05 2019,11PM-7AM,LPN,2
ICU,Jan 05 2019,11PM-7AM,NA,1
ICU,Jan 06 2019,7AM-3PM,RN,6
ICU,Jan 06 2019,7AM-3PM,LPN,1
ICU,Jan 06 2019,7AM-3PM,NA,1
ICU,Jan 06 2019,3PM-11PM,RN,2
ICU,Jan 06 2019,3PM-11PM,LPN,3
ICU,Jan 06 2019,3PM-11PM,NA,1
ICU,Jan 06 2019,11PM-7AM,RN,2
ICU,Jan 06 2019,11PM-7AM,LPN,2
ICU,Jan 07 2019,7AM-3PM,RN,2
ICU,Jan 07 2019,7AM-3PM,NA,1
ICU,Jan 07 2019,3PM-11PM,RN,2
ICU,Jan 07 2019,3PM-11PM,LPN,2
ICU,Jan 07 2019,3PM-11PM,NA,1
ICU,Jan 07 2019,3PM-11PM,PHLEB,2
ICU,Jan 07 2019,3PM-11PM,ULTRA,1
ICU,Jan 07 2019,11PM-7AM,RN,2
ICU,Jan 07 2019,11PM-7AM,LPN,2
ICU,Jan 07 2019,11PM-7AM,NA,1
ICU,Jan 08 2019,7AM-3PM,LPN,1
ICU,Jan 08 2019,7AM-3PM,XRAY,1
ICU,Jan 08 2019,7AM-3PM,SW,1
ICU,Jan 08 2019,3PM-11PM,RN,6
ICU,Jan 08 2019,3PM-11PM,LPN,1
ICU,Jan 08 2019,3PM-11PM,XRAY,1
ICU,Jan 08 2019,11PM-7AM,LPN,3
ICU,Jan 08 2019,11PM-7AM,NA,1
ICU,Jan 08 2019,11PM-7AM,SW,1
ICU,Jan 09 2019,7AM-3PM,NA,1
ICU,Jan 09 2019,7AM-3PM,SW,1
ICU,Jan 09 2019,3PM-11PM,XRAY,1
ICU,Jan 09 2019,11PM-7AM,LPN,1
ICU,Jan 09 2019,11PM-7AM,NA,1
ICU,Jan 10 2019,7AM-3PM,LPN,1
ICU,Jan 10 2019,7AM-3PM,NA,1
ICU,Jan 10 2019,7AM-3PM,ULTRA,1
ICU,Jan 10 2019,3PM-11PM,RN,4
ICU,Jan 10 2019,3PM-11PM,LPN,1
ICU,Jan 10 2019,3PM-11PM,NA,1
ICU,Jan 10 2019,3PM-11PM,XRAY,1
ICU,Jan 10 2019,11PM-7AM,LPN,2
ICU,Jan 10 2019,11PM-7AM,NA,1
ICU,Jan 11 2019,7AM-3PM,RN,4
ICU,Jan 11 2019,7AM-3PM,LPN,1
ICU,Jan 11 2019,7AM-3PM,NA,2
ICU,Jan 11 2019,7AM-3PM,SW,1
ICU,Jan 11 2019,3PM-11PM,RN,4
ICU,Jan 11 2019,3PM-11PM,LPN,1
ICU,Jan 11 2019,3PM-11PM,NA,1
ICU,Jan 11 2019,11PM-7AM,NA,1
ICU,Jan 11 2019,11PM-7AM,SW,1
ICU,Jan 12 2019,7AM-3PM,LPN,1
ICU,Jan 12 2019,7AM-3PM,NA,1
ICU,Jan 12 2019,7AM-3PM,SW,1
ICU,Jan 12 2019,3PM-11PM,RN,2
ICU,Jan 12 2019,3PM-11PM,NA,1
ICU,Jan 12 2019,3PM-11PM,SW,1
ICU,Jan 12 2019,11PM-7AM,RN,2
ICU,Jan 12 2019,11PM-7AM,NA,1
ICU,Jan 12 2019,11PM-7AM,XRAY,1
ICU,Jan 13 2019,7AM-3PM,RN,4
ICU,Jan 13 2019,7AM-3PM,NA,1
ICU,Jan 13 2019,3PM-11PM,LPN,3
ICU,Jan 13 2019,3PM-11PM,NA,1
ICU,Jan 13 2019,11PM-7AM,RN,2
ICU,Jan 13 2019,11PM-7AM,NA,1